<?xml version="1.0" encoding="UTF-8"?>
<project-private xmlns="http://www.netbeans.org/ns/project-private/1">
    <editor-bookmarks xmlns="http://www.netbeans.org/ns/editor-bookmarks/2" lastBookmarkId="0"/>
    <open-files xmlns="http://www.netbeans.org/ns/projectui-open-files/2">
        <group>
            <file>file:/C:/Users/Joojs/OneDrive%20-%20IMAM%20ABDULRAHMAN%20BIN%20FAISAL%20UNIVERSITY/Documents/NetBeansProjects/OOPProject/src/BorrowAbook.java</file>
            <file>file:/C:/Users/Joojs/OneDrive%20-%20IMAM%20ABDULRAHMAN%20BIN%20FAISAL%20UNIVERSITY/Documents/NetBeansProjects/OOPProject/src/EmpUsername.java</file>
            <file>file:/C:/Users/Joojs/OneDrive%20-%20IMAM%20ABDULRAHMAN%20BIN%20FAISAL%20UNIVERSITY/Documents/NetBeansProjects/OOPProject/src/OOpLogin.java</file>
            <file>file:/C:/Users/Joojs/OneDrive%20-%20IMAM%20ABDULRAHMAN%20BIN%20FAISAL%20UNIVERSITY/Documents/NetBeansProjects/OOPProject/src/RentLocker.java</file>
            <file>file:/C:/Users/Joojs/OneDrive%20-%20IMAM%20ABDULRAHMAN%20BIN%20FAISAL%20UNIVERSITY/Documents/NetBeansProjects/OOPProject/src/Login.java</file>
            <file>file:/C:/Users/Joojs/OneDrive%20-%20IMAM%20ABDULRAHMAN%20BIN%20FAISAL%20UNIVERSITY/Documents/NetBeansProjects/OOPProject/src/idcard.java</file>
            <file>file:/C:/Users/Joojs/OneDrive%20-%20IMAM%20ABDULRAHMAN%20BIN%20FAISAL%20UNIVERSITY/Documents/NetBeansProjects/OOPProject/src/RegisterToClub.java</file>
            <file>file:/C:/Users/Joojs/OneDrive%20-%20IMAM%20ABDULRAHMAN%20BIN%20FAISAL%20UNIVERSITY/Documents/NetBeansProjects/OOPProject/src/BookSystem.java</file>
            <file>file:/C:/Users/Joojs/OneDrive%20-%20IMAM%20ABDULRAHMAN%20BIN%20FAISAL%20UNIVERSITY/Documents/NetBeansProjects/OOPProject/src/username.java</file>
        </group>
    </open-files>
</project-private>
